Medicine_Category,Alert_Type,Avg_7Day_Demand,Current_Stock
N02BA,LOW_STOCK,3.999671571428571,25
N02BA,EXPIRY_RISK,3.999671571428571,25
N05B,LOW_STOCK,9.385495142857142,15
N05B,EXPIRY_RISK,9.385495142857142,15
R03,EXPIRY_RISK,6.729531471428572,35
R06,LOW_STOCK,3.0264668571428572,20
R06,EXPIRY_RISK,3.0264668571428572,20
