day_1,day_2,day_3,day_4,day_5,day_6,day_7,series_id
5.761863,5.4799924,5.269903,5.234691,5.220345,5.214115,5.2108006,M01AB
3.72067,3.6847796,3.7019951,3.8082857,3.95708,4.0130672,4.021392,M01AE
3.8886778,3.9694357,4.0057898,4.0332737,4.0351734,4.033762,4.0315886,N02BA
38.046432,37.789124,37.737038,37.86962,37.899612,37.848694,37.793262,N02BE
10.086897,9.516508,9.249148,9.229966,9.21379,9.204469,9.197688,N05B
0.8968401,0.78987324,0.76109487,0.76380754,0.7611704,0.75745946,0.75557655,N05C
7.646573,6.9228826,6.561733,6.5295525,6.5028906,6.477603,6.4654856,R03
2.8204277,2.8394156,3.0104117,3.1158364,3.1331992,3.1335998,3.1323776,R06
